INSERT INTO batiment (idbatiment, nom)
VALUES (1, 'A'),
       (2, 'B'),
       (3, 'C'),
       (4, 'D'),
       (5, 'accueil')
;

select setval('batiment_idbatiment_seq', 5);

INSERT
INTO etage (idetage, numero, batiment)
VALUES (1, 0, 1),
       (2, 1, 1),
       (3, 2, 1),
       (4, 3, 1),
       (5, 4, 1),
       (6, 0, 2),
       (7, 0, 3),
       (8, 1, 3),
       (9, 2, 3),
       (10, 3, 3),
       (11, 4, 3),
       (12, 0, 4),
       (13, 0, 5)
;

select setval('etage_idetage_seq', 13);

INSERT
INTO salle (idsalle, nom, situation)
VALUES (1, 'Baccarat', 1),
       (2, 'Daum', 1),
       (3, 'Gallé', 1),
       (4, 'Corbin', 1),
       (5, 'Longwy', 6),
       (6, 'Multimédia', 6),
       (7, 'Lamour', 6),
       (8, 'Amphithéâtre', 6),
       (9, 'Service', 6),
       (10, 'Majorelle', 12),
       (11, 'Cuisine', 12),
       (12, 'Restauration', 12),
       (13, 'Reprographie', 12),
       (14, 'Grüber', 7),
       (15, 'Administration 1', 7),
       (16, 'Administration 2', 7),
       (17, 'Administration 3', 7),
       (18, 'A101', 2),
       (19, 'A102', 2),
       (20, 'A103', 2),
       (21, 'A104', 2),
       (22, 'A105', 2),
       (23, 'A106', 2),
       (24, 'A107', 2),
       (25, 'A108', 2),
       (26, 'A109', 2),
       (27, 'A110', 2),
       (28, 'Réunion A1', 2),
       (29, 'A201', 3),
       (30, 'A202', 3),
       (31, 'A203', 3),
       (33, 'A204', 3),
       (34, 'A205', 3),
       (35, 'A206', 3),
       (36, 'A207', 3),
       (38, 'A208', 3),
       (39, 'A209', 3),
       (40, 'A210', 3),
       (41, 'Réunion A2', 3),
       (42, 'A301', 4),
       (43, 'A302', 4),
       (44, 'A303', 4),
       (45, 'A304', 4),
       (46, 'A305', 4),
       (47, 'A306', 4),
       (48, 'A307', 4),
       (49, 'A308', 4),
       (50, 'A309', 4),
       (51, 'A310', 4),
       (52, 'Réunion A3', 4),
       (53, 'A401', 5),
       (54, 'A402', 5),
       (55, 'A403', 5),
       (56, 'A404', 5),
       (57, 'A405', 5),
       (58, 'A406', 5),
       (59, 'A407', 5),
       (60, 'A408', 5),
       (61, 'A409', 5),
       (62, 'A410', 5),
       (63, 'Réunion A4', 5),
       (64, 'Administration 4', 8),
       (65, 'Administration 5', 8),
       (66, 'Administration 6', 8),
       (67, 'Administration 7', 8),
       (68, 'Administration 8', 8),
       (69, 'Administration 9', 8),
       (70, 'C101', 8),
       (71, 'C102', 8),
       (72, 'C103', 8),
       (73, 'C104', 8),
       (74, 'Réunion C1', 8),
       (75, 'C201', 9),
       (76, 'C202', 9),
       (77, 'C203', 9),
       (78, 'C204', 9),
       (79, 'C205', 9),
       (80, 'C206', 9),
       (81, 'C207', 9),
       (82, 'C208', 9),
       (83, 'C209', 9),
       (84, 'C210', 9),
       (85, 'Réunion C2', 9),
       (86, 'C301', 10),
       (87, 'C302', 10),
       (88, 'C303', 10),
       (89, 'C304', 10),
       (90, 'C305', 10),
       (91, 'C306', 10),
       (92, 'C307', 10),
       (93, 'C308', 10),
       (94, 'C309', 10),
       (95, 'C310', 10),
       (96, 'Réunion C3', 10),
       (97, 'C401', 11),
       (98, 'C402', 11),
       (99, 'C403', 11),
       (100, 'C404', 11),
       (101, 'C405', 11),
       (102, 'C406', 11),
       (103, 'C407', 11),
       (104, 'C408', 11),
       (105, 'C409', 11),
       (106, 'C410', 11),
       (107, 'Réunion C4', 11)
;

select setval('salle_idsalle_seq', 107);

INSERT INTO bureau (idbureau)
VALUES (18),
       (19),
       (20),
       (21),
       (22),
       (23),
       (24),
       (25),
       (26),
       (27),
       (29),
       (30),
       (31),
       (33),
       (34),
       (35),
       (36),
       (38),
       (39),
       (40),
       (42),
       (43),
       (44),
       (45),
       (46),
       (47),
       (48),
       (49),
       (50),
       (51),
       (53),
       (54),
       (55),
       (56),
       (57),
       (58),
       (59),
       (60),
       (61),
       (62),
       (70),
       (71),
       (72),
       (73),
       (75),
       (76),
       (77),
       (78),
       (79),
       (80),
       (81),
       (82),
       (83),
       (84),
       (86),
       (87),
       (88),
       (89),
       (90),
       (91),
       (92),
       (93),
       (94),
       (95),
       (97),
       (98),
       (99),
       (100),
       (101),
       (102),
       (103),
       (104),
       (105),
       (106)
;

INSERT INTO discipline (iddiscipline, libelle)
VALUES (1, 'Judo'),
       (2, 'Handball'),
       (3, 'Roller Sports'),
       (4, 'Football'),
       (5, 'Aïkido')
;

insert into ligue
values (1,'Ligue Grand Est de Judo et Disciplines Associées','Maison Régionale des Sports 13 rue Jean Moulin CS 70001 54510 Tomblaine','logo-judo.png',1),
	   (2,'Ligue Grand Est de Handball','Maison Régionale des Sports 13 rue Jean Moulin CS 70001 54510 Tomblaine','logo-lgehandball.png',2);